partition,pvalues
Adaptive,0.000452776569411764
Su_CD4,0.000493218752389994
Su_CD8,0.000656050567172983
Zhang,0.689473684210526
Wen,0.0992340992340992
