partition,pvalues
Adaptive,7.81582563428839e-05
Su_CD4,0.00256868004655397
Su_CD8,0.0185333892630284
Zhang,0.012280701754386
Wen,0.43956043956044
