partition,pvalues
Adaptive,1.24150298053891e-12
Su_CD4,0.092737529952711
Su_CD8,0.0726533227806808
Zhang,0.00350877192982456
Wen,0.767898767898768
