partition,pvalues
Adaptive,2.26227856978932e-12
Su_CD4,0.0803771274454673
Su_CD8,0.081033529577002
Zhang,0.00175438596491228
Wen,0.859140859140859
