partition,pvalues
Adaptive,0.33352331123333
Su_CD4,0.00101378174096778
Su_CD8,0.00119614626015388
Zhang,0.764912280701754
Wen,0.00466200466200466
