partition,pvalues
Adaptive,1.46020885263543e-05
Su_CD4,0.000807147119459203
Su_CD8,0.00632937866601166
Zhang,0.0192982456140351
Wen,0.370962370962371
